{"cameraMode":{"drawMode":0,"name":"Shaded","section":"Shading Mode"},"sceneLighting":true,"audioPlay":false,"sceneViewState":{"showFog":true,"showMaterialUpdate":false,"showSkybox":true,"showFlares":true,"showImageEffects":true,"showParticleSystems":true},"in2DMode":false,"pivot":{"x":-4.450648784637451,"y":-3.328671932220459,"z":13.791704177856446},"rotation":{"x":-0.22707198560237885,"y":0.4334705173969269,"z":-0.11382601410150528,"w":-0.8646668791770935},"size":8.246973037719727,"orthographic":false}