{"cameraMode":{"drawMode":0,"name":"Shaded","section":"Shading Mode"},"sceneLighting":true,"audioPlay":false,"sceneViewState":{"showFog":true,"showMaterialUpdate":false,"showSkybox":true,"showFlares":true,"showImageEffects":true,"showParticleSystems":true},"in2DMode":false,"pivot":{"x":-1.8405985832214356,"y":-2.254183292388916,"z":7.01646089553833},"rotation":{"x":-0.3116665780544281,"y":0.5071868896484375,"z":-0.20334754884243012,"w":-0.7773559093475342},"size":7.865745544433594,"orthographic":false}