{"cameraMode":{"drawMode":0,"name":"Shaded","section":"Shading Mode"},"sceneLighting":true,"audioPlay":false,"sceneViewState":{"showFog":true,"showMaterialUpdate":false,"showSkybox":true,"showFlares":true,"showImageEffects":true,"showParticleSystems":true},"in2DMode":false,"pivot":{"x":-2.980473518371582,"y":-0.9450405240058899,"z":10.222403526306153},"rotation":{"x":-0.11193404346704483,"y":0.2903631627559662,"z":-0.034206897020339969,"w":-0.9497617483139038},"size":6.257739067077637,"orthographic":false}