{"cameraMode":{"drawMode":0,"name":"Shaded","section":"Shading Mode"},"sceneLighting":true,"audioPlay":false,"sceneViewState":{"showFog":true,"showMaterialUpdate":false,"showSkybox":true,"showFlares":true,"showImageEffects":true,"showParticleSystems":true},"in2DMode":false,"pivot":{"x":-2.200437545776367,"y":-2.8400990962982179,"z":4.689276695251465},"rotation":{"x":-0.3115616738796234,"y":0.5378720760345459,"z":-0.22317886352539063,"w":-0.7508803606033325},"size":7.865745544433594,"orthographic":false}