{"cameraMode":{"drawMode":0,"name":"Shaded","section":"Shading Mode"},"sceneLighting":true,"audioPlay":false,"sceneViewState":{"showFog":true,"showMaterialUpdate":false,"showSkybox":true,"showFlares":true,"showImageEffects":true,"showParticleSystems":true},"in2DMode":false,"pivot":{"x":0.3303525745868683,"y":1.4875597953796387,"z":9.924433708190918},"rotation":{"x":-0.16513945162296296,"y":0.10246698558330536,"z":-0.01725257933139801,"w":-0.9807853698730469},"size":1.569894552230835,"orthographic":false}